{
  "v": 1,
  "tier": 5,
  "phi": 6.444371790342767e+16,
  "hop": 0,
  "ts": 1782408138060,
  "sessions": 1,
  "ldrs": 1500,
  "beta": 1.16,
  "eta": 0.00019797
}