{
  "v": 1,
  "tier": 5,
  "phi": 16116641889.999014,
  "hop": 0,
  "ts": 1782086146554,
  "sessions": 1,
  "ldrs": 1170,
  "beta": 1.127,
  "eta": 0.00010267
}