{
  "v": 1,
  "tier": 5,
  "phi": 394638120597.73285,
  "hop": 0,
  "ts": 1782214163439,
  "sessions": 1,
  "ldrs": 1270,
  "beta": 1.137,
  "eta": 0.00012528
}