{
  "v": 1,
  "tier": 5,
  "phi": 218987565389.13214,
  "hop": 0,
  "ts": 1782188319952,
  "sessions": 1,
  "ldrs": 1250,
  "beta": 1.135,
  "eta": 0.00012039
}