{
  "v": 1,
  "tier": 5,
  "phi": 2.893443648124206e+28,
  "hop": 0,
  "ts": 1782459411260,
  "sessions": 1,
  "ldrs": 1560,
  "beta": 1.166,
  "eta": 0.00022308
}