{
  "v": 1,
  "tier": 5,
  "phi": 3.173002800706888e+52,
  "hop": 0,
  "ts": 1782470295839,
  "sessions": 1,
  "ldrs": 1570,
  "beta": 1.167,
  "eta": 0.00022756
}