{
  "v": 1,
  "tier": 5,
  "phi": 4.2551334722698075e+22,
  "hop": 0,
  "ts": 1782445029951,
  "sessions": 1,
  "ldrs": 1550,
  "beta": 1.165,
  "eta": 0.00021868
}