{
  "v": 1,
  "tier": 5,
  "phi": 2.4552785383589498e+17,
  "hop": 0,
  "ts": 1782415287594,
  "sessions": 1,
  "ldrs": 1510,
  "beta": 1.161,
  "eta": 0.00020195
}