{
  "v": 1,
  "tier": 5,
  "phi": 2.151645651383174e+16,
  "hop": 0,
  "ts": 1782400262381,
  "sessions": 1,
  "ldrs": 1490,
  "beta": 1.159,
  "eta": 0.00019407
}