{
  "v": 1,
  "tier": 5,
  "phi": 22158869921.517326,
  "hop": 0,
  "ts": 1782096873894,
  "sessions": 1,
  "ldrs": 1180,
  "beta": 1.128,
  "eta": 0.00010473
}