{
  "v": 1,
  "tier": 5,
  "phi": 9.949109990152753e+18,
  "hop": 0,
  "ts": 1782427430443,
  "sessions": 1,
  "ldrs": 1530,
  "beta": 1.163,
  "eta": 0.00021015
}