{
  "v": 1,
  "tier": 5,
  "phi": 44024400617.89266,
  "hop": 0,
  "ts": 1782138332070,
  "sessions": 1,
  "ldrs": 1200,
  "beta": 1.13,
  "eta": 0.00010899
}