{
  "v": 1,
  "tier": 5,
  "phi": 2.061547741657183e+20,
  "hop": 0,
  "ts": 1782431907847,
  "sessions": 1,
  "ldrs": 1540,
  "beta": 1.164,
  "eta": 0.00021437
}