{
  "v": 1,
  "tier": 5,
  "phi": 9.9946860209022e+165,
  "hop": 0,
  "ts": 1782477170252,
  "sessions": 1,
  "ldrs": 1580,
  "beta": 1.168,
  "eta": 0.00023213
}