{
  "v": 1,
  "tier": 5,
  "phi": 59023867460.04176,
  "hop": 0,
  "ts": 1782153065603,
  "sessions": 1,
  "ldrs": 1210,
  "beta": 1.131,
  "eta": 0.00011118
}