{
  "v": 1,
  "tier": 5,
  "phi": 11837847212.485312,
  "hop": 0,
  "ts": 1782081585940,
  "sessions": 1,
  "ldrs": 1160,
  "beta": 1.126,
  "eta": 0.00010065
}