{
  "v": 1,
  "tier": 5,
  "phi": 79292113390.80255,
  "hop": 0,
  "ts": 1782163366393,
  "sessions": 1,
  "ldrs": 1220,
  "beta": 1.132,
  "eta": 0.00011341
}