{
  "v": 1,
  "tier": 5,
  "phi": 29886181611.65216,
  "hop": 0,
  "ts": 1782118116209,
  "sessions": 1,
  "ldrs": 1190,
  "beta": 1.129,
  "eta": 0.00010684
}