{
  "v": 1,
  "tier": 5,
  "phi": 157150068199.82086,
  "hop": 0,
  "ts": 1782173218245,
  "sessions": 1,
  "ldrs": 1240,
  "beta": 1.134,
  "eta": 0.00011802
}