{
  "v": 1,
  "tier": 5,
  "phi": 1.209220314768246e+18,
  "hop": 0,
  "ts": 1782421765726,
  "sessions": 1,
  "ldrs": 1520,
  "beta": 1.162,
  "eta": 0.00020601
}